rarity,name,image,mainid,sub,special
5,ボールドマーカー,sploosh_1.png,1,curling.webp,stamp.webp
4,ボールドマーカーネオ,sploosh_2.png,1,beacon.webp,wail.webp
5,もみじシューター,jr_2.png,2,torp.webp,wavebreaker.webp
3,わかばシューター,jr_1.png,2,splat.webp,bubbler.webp
3,シャープマーカー,splash_1.png,3,burst.webp,crab.webp
1,シャープマーカーネオ,splash_2.png,3,suction.webp,strikes.webp
1,シャープマーカーGECK,splash_3.png,3,mist.webp,inkstorm.webp
5,プロモデラーMG,aerospray_1.png,4,fizzy.webp,slider.webp
5,プロモデラー彩,aerospray_3.png,4,burst.webp,screen.webp
4,プロモデラーRG,aerospray_2.png,4,sprinkler.webp,booyah.webp
4,スプラシューター煌,shot_3.png,5,burst.webp,kraken.webp
1,スプラシューター,shot_1.png,5,suction.webp,zooka.webp
1,スプラシューターコラボ,shot_2.png,5,splat.webp,strikes.webp
3,.52ガロンデコ,52_2.png,6,curling.webp,screen.webp
1,.52ガロン,52_1.png,6,wall.webp,wail.webp
3,N-ZAP89,zap_2.png,7,auto.webp,chumps.webp
1,N-ZAP85,zap_1.png,7,suction.webp,cooler.webp
2,プライムシューター,pro_1.png,8,dart.webp,crab.webp
2,プライムシューターFRZN,pro_3.png,8,splat.webp,missiles.webp
1,プライムシューターコラボ,pro_2.png,8,suction.webp,booyah.webp
5,.96ガロン,96_1.png,9,sprinkler.webp,vac.webp
4,.96ガロン爪,96_3.png,9,dart.webp,cooler.webp
3,.96ガロンデコ,96_2.png,9,wall.webp,kraken.webp
5,ジェットスイーパーCOBR,jet_3.png,10,burst.webp,splashdown.webp
3,ジェットスイーパー,jet_1.png,10,dart.webp,vac.webp
1,ジェットスイーパーカスタム,jet_2.png,10,mist.webp,inkstorm.webp
5,スペースシューター,nova_1.png,11,sensor.webp,wail.webp
5,スペースシューターコラボ,nova_2.png,11,mine.webp,inkjet.webp
4,L3リールガンD,l3_2.png,12,burst.webp,stamp.webp
3,L3リールガン箔,l3_3.png,12,splat.webp,inkjet.webp
2,L3リールガン,l3_1.png,12,curling.webp,crab.webp
4,H3リールガン,h3_1.png,13,sensor.webp,cooler.webp
2,H3リールガンD,h3_2.png,13,wall.webp,bubbler.webp
2,H3リールガンSNAK,h3_3.png,13,suction.webp,strikes.webp
2,ボトルガイザーフォイル,squeezer_2.png,14,auto.webp,screen.webp
1,ボトルガイザー,squeezer_1.png,14,wall.webp,zooka.webp
5,カーボンローラーANGL,carbon_3.png,15,fizzy.webp,chumps.webp
3,カーボンローラー,carbon_1.png,15,auto.webp,zip.webp
3,カーボンローラーデコ,carbon_2.png,15,burst.webp,zooka.webp
3,スプラローラー,roller_1.png,16,curling.webp,bubbler.webp
2,スプラローラーコラボ,roller_2.png,16,beacon.webp,kraken.webp
4,ダイナモローラー,dynamo_1.png,17,sprinkler.webp,cooler.webp
4,ダイナモローラー冥,dynamo_3.png,17,sensor.webp,wail.webp
2,ダイナモローラーテスラ,dynamo_2.png,17,splat.webp,chumps.webp
4,ヴァリアブルローラーフォイル,flingza_2.png,18,suction.webp,screen.webp
1,ヴァリアブルローラー,flingza_1.png,18,mine.webp,missiles.webp
5,ワイドローラーコラボ,bigswig_2.png,19,dart.webp,inkstorm.webp
5,ワイドローラー惑,bigswig_3.png,19,torp.webp,splashdown.webp
4,ワイドローラー,bigswig_1.png,19,wall.webp,vac.webp
5,スクイックリンβ,squiffer_2.png,20,auto.webp,zip.webp
2,スクイックリンα,squiffer_1.png,20,sensor.webp,bubbler.webp
2,スプラチャージャー,charger_1.png,21,splat.webp,vac.webp
1,スプラチャージャーコラボ,charger_2.png,21,wall.webp,strikes.webp
1,スプラチャージャーFRST,charger_3.png,21,sprinkler.webp,crab.webp
2,スプラスコープ,scope_1.png,22,splat.webp,vac.webp
1,スプラスコープコラボ,scope_2.png,22,wall.webp,strikes.webp
1,スプラスコープFRST,scope_3.png,22,sprinkler.webp,crab.webp
4,リッター4Kカスタム,liter_2.png,23,beacon.webp,kraken.webp
3,リッター4K,liter_1.png,23,mine.webp,wavebreaker.webp
4,4Kスコープカスタム,4kscope_2.png,24,beacon.webp,kraken.webp
3,4Kスコープ,4kscope_1.png,24,mine.webp,wavebreaker.webp
4,14式竹筒銃･乙,bamboo_2.png,25,fizzy.webp,chumps.webp
2,14式竹筒銃･甲,bamboo_1.png,25,auto.webp,wail.webp
5,ソイチューバーカスタム,gootuber_2.png,26,fizzy.webp,stamp.webp
4,ソイチューバー,gootuber_1.png,26,torp.webp,missiles.webp
2,R-PEN/5B,pen_2.png,27,wall.webp,inkstorm.webp
1,R-PEN/5H,pen_1.png,27,sprinkler.webp,cooler.webp
5,バケットスロッシャーデコ,slosher_2.png,28,dart.webp,zip.webp
1,バケットスロッシャー,slosher_1.png,28,splat.webp,strikes.webp
5,ヒッセンASH,tri_3.png,29,splat.webp,screen.webp
2,ヒッセン･ヒュー,tri_2.png,29,fizzy.webp,cooler.webp
1,ヒッセン,tri_1.png,29,mist.webp,inkjet.webp
2,スクリュースロッシャーネオ,machine_2.png,30,sensor.webp,zooka.webp
1,スクリュースロッシャー,machine_1.png,30,fizzy.webp,booyah.webp
5,オーバーフロッシャーデコ,blob_2.png,31,dart.webp,kraken.webp
4,オーバーフロッシャー,blob_1.png,31,sprinkler.webp,inkstorm.webp
5,エクスプロッシャーカスタム,explo_2.png,32,wall.webp,splashdown.webp
1,エクスプロッシャー,explo_1.png,32,sensor.webp,inkstorm.webp
3,モップリン,dread_1.png,33,suction.webp,slider.webp
2,モップリン角,dread_3.png,33,curling.webp,crab.webp
1,モップリンD,dread_2.png,33,beacon.webp,wavebreaker.webp
3,スプラスピナー,mini_1.png,34,burst.webp,stamp.webp
2,スプラスピナーPYTN,mini_3.png,34,beacon.webp,zooka.webp
1,スプラスピナーコラボ,mini_2.png,34,mist.webp,bubbler.webp
2,バレルスピナーデコ,heavy_2.png,35,sensor.webp,kraken.webp
1,バレルスピナー,heavy_1.png,35,sprinkler.webp,wavebreaker.webp
5,ハイドラントカスタム,hydra_2.png,36,mine.webp,screen.webp
2,ハイドラント,hydra_1.png,36,auto.webp,booyah.webp
1,ハイドラント圧,hydra_3.png,36,sprinkler.webp,bubbler.webp
5,クーゲルシュライバー･ヒュー,ballpoint_2.png,37,mine.webp,vac.webp
2,クーゲルシュライバー,ballpoint_1.png,37,fizzy.webp,inkjet.webp
2,ノーチラス79,naut_2.png,38,suction.webp,splashdown.webp
1,ノーチラス47,naut_1.png,38,sensor.webp,inkstorm.webp
2,イグザミナー,heavyedit_1.png,39,curling.webp,cooler.webp
2,イグザミナー･ヒュー,heavyedit_2.png,39,splat.webp,crab.webp
5,スパッタリー,dapple_1.png,40,beacon.webp,cooler.webp
4,スパッタリー･ヒュー,dapple_2.png,40,torp.webp,slider.webp
4,スパッタリーOWL,dapple_3.png,40,splat.webp,wail.webp
3,スプラマニューバー耀,dualie_3.png,41,fizzy.webp,bubbler.webp
3,スプラマニューバーコラボ,dualie_2.png,41,curling.webp,splashdown.webp
1,スプラマニューバー,dualie_1.png,41,suction.webp,crab.webp
4,ケルビン525デコ,glooga_2.png,42,sensor.webp,zooka.webp
3,ケルビン525,glooga_1.png,42,wall.webp,booyah.webp
4,デュアルスイーパー蹄,ds_3.png,43,sensor.webp,screen.webp
3,デュアルスイーパーカスタム,ds_2.png,43,beacon.webp,chumps.webp
1,デュアルスイーパー,ds_1.png,43,splat.webp,wavebreaker.webp
5,クアッドホッパーホワイト,tetra_2.png,44,sprinkler.webp,zip.webp
3,クアッドホッパーブラック,tetra_1.png,44,auto.webp,slider.webp
4,ガエンFFカスタム,douser_2.png,45,burst.webp,strikes.webp
3,ガエンFF,douser_1.png,45,mine.webp,wail.webp
3,パラシェルターソレーラ,brella_2.png,46,auto.webp,inkjet.webp
2,パラシェルター,brella_1.png,46,sprinkler.webp,strikes.webp
4,キャンピングシェルター,tent_1.png,47,beacon.webp,vac.webp
3,キャンピングシェルターソレーラ,tent_2.png,47,mine.webp,zooka.webp
2,キャンピングシェルターCREM,tent_3.png,47,mist.webp,chumps.webp
5,スパイガジェット,undercover_1.png,48,mine.webp,slider.webp
5,スパイガジェット繚,undercover_3.png,48,curling.webp,wail.webp
4,スパイガジェットソレーラ,undercover_2.png,48,torp.webp,screen.webp
5,24式張替傘･乙,recycled_2.png,49,mist.webp,splashdown.webp
2,24式張替傘･甲,recycled_1.png,49,dart.webp,bubbler.webp
5,ノヴァブラスターネオ,luna_2.png,50,fizzy.webp,stamp.webp
4,ノヴァブラスター,luna_1.png,50,splat.webp,zip.webp
2,ホットブラスターカスタム,blaster_2.png,51,sensor.webp,splashdown.webp
2,ホットブラスター艶,blaster_3.png,51,beacon.webp,crab.webp
1,ホットブラスター,blaster_1.png,51,auto.webp,bubbler.webp
4,ロングブラスターカスタム,range_2.png,52,splat.webp,kraken.webp
2,ロングブラスター,range_1.png,52,suction.webp,wavebreaker.webp
5,クラッシュブラスターネオ,clash_2.png,53,curling.webp,chumps.webp
4,クラッシュブラスター,clash_1.png,53,splat.webp,zooka.webp
4,ラピッドブラスター,rapid_1.png,54,mine.webp,strikes.webp
2,ラピッドブラスターデコ,rapid_2.png,54,torp.webp,inkjet.webp
3,Rブラスターエリートデコ,rapidpro_2.png,55,dart.webp,wail.webp
1,Rブラスターエリート,rapidpro_1.png,55,mist.webp,vac.webp
1,RブラスターエリートWNTR,rapidpro_3.png,55,suction.webp,cooler.webp
5,S-BLAST92,sblast_1.png,56,sprinkler.webp,slider.webp
3,S-BLAST91,sblast_2.png,56,burst.webp,booyah.webp
5,パブロ,inkbrush_1.png,57,splat.webp,wail.webp
5,パブロ･ヒュー,inkbrush_2.png,57,mine.webp,stamp.webp
5,ホクサイ･ヒュー,octobrush_2.png,58,beacon.webp,inkstorm.webp
3,ホクサイ,octobrush_1.png,58,suction.webp,zip.webp
3,ホクサイ彗,octobrush_3.png,58,auto.webp,kraken.webp
4,フィンセント,painbrush_1.png,59,curling.webp,wavebreaker.webp
4,フィンセントBRNZ,painbrush_3.png,59,wall.webp,zooka.webp
3,フィンセント･ヒュー,painbrush_2.png,59,sensor.webp,missiles.webp
4,トライストリンガー燈,bow_3.png,60,dart.webp,inkjet.webp
3,トライストリンガー,bow_1.png,60,mist.webp,wail.webp
2,トライストリンガーコラボ,bow_2.png,60,sprinkler.webp,chumps.webp
5,LACT-450デコ,reeflux_2.png,61,wall.webp,slider.webp
2,LACT-450MILK,reeflux_3.png,61,torp.webp,booyah.webp
1,LACT-450,reeflux_1.png,61,curling.webp,missiles.webp
4,フルイドV,wellstring_1.png,62,auto.webp,stamp.webp
3,フルイドVカスタム,wellstring_2.png,62,sensor.webp,wavebreaker.webp
3,ジムワイパー,stamper_1.png,63,burst.webp,zip.webp
1,ジムワイパー･ヒュー,stamper_2.png,63,mist.webp,crab.webp
1,ジムワイパー封,stamper_3.png,63,auto.webp,booyah.webp
5,ドライブワイパーRUST,wiper_3.png,64,curling.webp,zooka.webp
4,ドライブワイパーデコ,wiper_2.png,64,beacon.webp,missiles.webp
3,ドライブワイパー,wiper_1.png,64,torp.webp,stamp.webp
4,デンタルワイパースミ,decav_2.png,65,wall.webp,inkjet.webp
3,デンタルワイパーミント,decav_1.png,65,suction.webp,bubbler.webp